stage,res_type,res_id,res_number
101001,2,0,10000
,3,1010,3
,2,10,5000
,2,1,125
101002,3,1003,1
101003,3,2003,1
,2,50,10
101004,3,3003,1
101005,3,4003,1
,7,103,120
,2,152,50
101006,2,0,10000
,2,10,5000
101007,2,0,10000
,2,10,5000
101008,2,0,10000
,2,10,5000
101009,2,0,10000
,2,10,5000
101010,7,1001304,40
,2,152,50
102001,2,0,6000
,2,10,3000
102002,2,0,6000
,2,10,3000
102003,2,0,6000
,2,10,3000
102004,2,0,6000
,2,10,3000
102005,7,1001804,40
,6,1,5
,2,152,50
102006,2,0,6000
,2,10,3000
102007,2,0,6000
,2,10,3000
102008,2,0,6000
,2,10,3000
102009,2,0,6000
,2,10,3000
102010,6,1,5
,2,152,50
102011,3,4011,1
102012,3,3011,1
102013,3,2011,1
102014,3,1011,1
102015,6,1,10
,2,110,10
,2,152,50
103001,3,4011,1
103002,3,3011,1
103003,3,2011,1
103004,3,1011,1
103005,6,1,20
,2,110,1
,2,152,50
103006,3,4011,1
103007,3,3011,1
103008,3,2011,1
103009,3,1011,1
103010,2,0,4000
,2,110,1
,2,152,50
103011,3,4011,1
103012,3,3011,1
103013,3,2011,1
103014,3,1011,1
103015,2,110,1
,2,152,50
103016,3,4011,1
103017,3,3011,1
103018,3,2011,1
103019,3,1011,1
103020,7,4000105,50
,2,110,1
,2,152,50
104001,3,4011,1
104002,3,3011,1
104003,3,2011,1
104004,3,1011,1
104005,2,110,1
,2,152,50
104006,3,4011,1
104007,3,3011,1
104008,3,2011,1
104009,3,1011,1
104010,2,110,1
,2,152,50
104011,3,4011,1
104012,3,3011,1
104013,3,2011,1
104014,3,1011,1
104015,2,110,1
,2,152,50
104016,3,4011,1
104017,3,3011,1
104018,3,2011,1
104019,3,1011,1
104020,2,110,1
,2,152,50
104021,3,4011,1
104022,3,3011,1
104023,3,2011,1
104024,3,1011,1
104025,2,110,1
,2,152,50
105001,3,4011,1
105002,3,3011,1
105003,3,2011,1
105004,3,1011,1
105005,2,1,10
,2,152,50
105006,3,4011,1
105007,3,3011,1
105008,3,2011,1
105009,3,1011,1
105010,2,1,10
,2,152,50
105011,3,4011,1
105012,3,3011,1
105013,3,2011,1
105014,3,1011,1
105015,2,1,10
,2,152,50
105016,3,4011,1
105017,3,3011,1
105018,3,2011,1
105019,3,1011,1
105020,2,1,10
,2,152,50
105021,3,4011,1
105022,3,3011,1
105023,3,2011,1
105024,3,1011,1
105025,2,1,10
,2,152,50
105026,2,0,10000
105027,2,0,10000
105028,2,0,10000
105029,2,0,10000
105030,2,1,10
,2,152,50
201001,2,0,10500
201002,2,0,10500
201003,2,0,10500
201004,2,0,10500
201005,2,1,20
,2,152,100
201006,2,0,11000
201007,2,0,11000
201008,2,0,11000
201009,2,0,11000
201010,2,1,20
,2,152,100
201011,2,0,11500
201012,2,0,11500
201013,2,0,11500
201014,2,0,11500
201015,2,1,20
,2,152,100
202001,2,0,12000
202002,2,0,12000
202003,2,0,12000
202004,2,0,12000
202005,2,1,20
,2,152,100
202006,2,0,12500
202007,2,0,12500
202008,2,0,12500
202009,2,0,12500
202010,2,1,20
,2,152,100
202011,2,0,13000
202012,2,0,13000
202013,2,0,13000
202014,2,0,13000
202015,2,1,20
,2,152,100
202016,2,0,13500
202017,2,0,13500
202018,2,0,13500
202019,2,0,13500
202020,2,1,20
,2,152,100
203001,2,0,14000
203002,2,0,14000
203003,2,0,14000
203004,2,0,14000
203005,2,1,20
,2,152,100
203006,2,0,14500
203007,2,0,14500
203008,2,0,14500
203009,2,0,14500
203010,2,1,20
,2,152,100
203011,2,0,15000
203012,2,0,15000
203013,2,0,15000
203014,2,0,15000
203015,2,1,20
,2,152,100
203016,2,0,15500
203017,2,0,15500
203018,2,0,15500
203019,2,0,15500
203020,2,1,20
,2,152,100
203021,2,0,16000
203022,2,0,16000
203023,2,0,16000
203024,2,0,16000
203025,2,1,20
,2,152,100
204001,2,0,16500
204002,2,0,16500
204003,2,0,16500
204004,2,0,16500
204005,2,1,20
,2,152,200
204006,2,0,17000
204007,2,0,17000
204008,2,0,17000
204009,2,0,17000
204010,2,1,20
,2,152,200
204011,2,0,17500
204012,2,0,17500
204013,2,0,17500
204014,2,0,17500
204015,2,1,20
,2,152,200
204016,2,0,18000
204017,2,0,18000
204018,2,0,18000
204019,2,0,18000
204020,2,1,20
,2,152,200
204021,2,0,18500
204022,2,0,18500
204023,2,0,18500
204024,2,0,18500
204025,2,1,20
,2,152,200
204026,2,0,19000
204027,2,0,19000
204028,2,0,19000
204029,2,0,19000
204030,2,1,20
,2,152,200
205001,2,0,19500
205002,2,0,19500
205003,2,0,19500
205004,2,0,19500
205005,2,1,20
,2,152,200
205006,2,0,20000
205007,2,0,20000
205008,2,0,20000
205009,2,0,20000
205010,2,1,20
,2,152,200
205011,2,0,20500
205012,2,0,20500
205013,2,0,20500
205014,2,0,20500
205015,2,1,20
,2,152,300
205016,2,0,21000
205017,2,0,21000
205018,2,0,21000
205019,2,0,21000
205020,2,1,20
,2,152,300
205021,2,0,21500
205022,2,0,21500
205023,2,0,21500
205024,2,0,21500
205025,2,1,20
,2,152,300
205026,2,0,22000
205027,2,0,22000
205028,2,0,22000
205029,2,0,22000
205030,2,1,20
,2,152,300
205031,2,0,22500
205032,2,0,22500
205033,2,0,22500
205034,2,0,22500
205035,2,1,20
,2,152,300
206001,2,0,23000
206002,2,0,23000
206003,2,0,23000
206004,2,0,23000
206005,2,1,20
,2,152,300
206006,2,0,23500
206007,2,0,23500
206008,2,0,23500
206009,2,0,23500
206010,2,1,20
,2,152,300
206011,2,0,24000
206012,2,0,24000
206013,2,0,24000
206014,2,0,24000
206015,2,1,20
,2,152,300
206016,2,0,24500
206017,2,0,24500
206018,2,0,24500
206019,2,0,24500
206020,2,1,20
,2,152,300
206021,2,0,25000
206022,2,0,25000
206023,2,0,25000
206024,2,0,25000
206025,2,1,20
,2,152,300
206026,2,0,25500
206027,2,0,25500
206028,2,0,25500
206029,2,0,25500
206030,2,1,20
,2,152,300
206031,2,0,26000
206032,2,0,26000
206033,2,0,26000
206034,2,0,26000
206035,2,1,20
,2,152,300
301001,2,0,26500
301002,2,0,26500
301003,2,0,26500
301004,2,0,26500
301005,2,2,10
,2,152,400
301006,2,0,27000
301007,2,0,27000
301008,2,0,27000
301009,2,0,27000
301010,2,2,10
,2,152,400
301011,2,0,27500
301012,2,0,27500
301013,2,0,27500
301014,2,0,27500
301015,2,2,10
,2,152,400
301016,2,0,28000
301017,2,0,28000
301018,2,0,28000
301019,2,0,28000
301020,2,2,10
,2,152,400
302001,2,0,28500
302002,2,0,28500
302003,2,0,28500
302004,2,0,28500
302005,2,2,10
,2,152,400
302006,2,0,29000
302007,2,0,29000
302008,2,0,29000
302009,2,0,29000
302010,2,2,10
,2,152,400
302011,2,0,29500
302012,2,0,29500
302013,2,0,29500
302014,2,0,29500
302015,2,2,10
,2,152,400
302016,2,0,30000
302017,2,0,30000
302018,2,0,30000
302019,2,0,30000
302020,2,2,10
,2,152,400
302021,2,0,30500
302022,2,0,30500
302023,2,0,30500
302024,2,0,30500
302025,2,2,10
,2,152,400
303001,2,0,31000
303002,2,0,31000
303003,2,0,31000
303004,2,0,31000
303005,2,2,10
,2,152,400
303006,2,0,31500
303007,2,0,31500
303008,2,0,31500
303009,2,0,31500
303010,2,2,10
,2,152,400
303011,2,0,32000
303012,2,0,32000
303013,2,0,32000
303014,2,0,32000
303015,2,2,10
,2,152,400
303016,2,0,32500
303017,2,0,32500
303018,2,0,32500
303019,2,0,32500
303020,2,2,10
,2,152,400
303021,2,0,33000
303022,2,0,33000
303023,2,0,33000
303024,2,0,33000
303025,2,2,10
,2,152,400
303026,2,0,33500
303027,2,0,33500
303028,2,0,33500
303029,2,0,33500
303030,2,2,10
,2,152,400
304001,2,0,34000
304002,2,0,34000
304003,2,0,34000
304004,2,0,34000
304005,2,2,10
,2,152,500
304006,2,0,34500
304007,2,0,34500
304008,2,0,34500
304009,2,0,34500
304010,2,2,10
,2,152,500
304011,2,0,35000
304012,2,0,35000
304013,2,0,35000
304014,2,0,35000
304015,2,2,10
,2,152,500
304016,2,0,35500
304017,2,0,35500
304018,2,0,35500
304019,2,0,35500
304020,2,2,10
,2,152,500
304021,2,0,36000
304022,2,0,36000
304023,2,0,36000
304024,2,0,36000
304025,2,2,10
,2,152,500
304026,2,0,36500
304027,2,0,36500
304028,2,0,36500
304029,2,0,36500
304030,2,2,10
,2,152,500
305001,2,0,37000
305002,2,0,37000
305003,2,0,37000
305004,2,0,37000
305005,2,2,10
,2,152,500
305006,2,0,37500
305007,2,0,37500
305008,2,0,37500
305009,2,0,37500
305010,2,2,10
,2,152,500
305011,2,0,38000
305012,2,0,38000
305013,2,0,38000
305014,2,0,38000
305015,2,2,10
,2,152,500
305016,2,0,38500
305017,2,0,38500
305018,2,0,38500
305019,2,0,38500
305020,2,2,10
,2,152,500
305021,2,0,39000
305022,2,0,39000
305023,2,0,39000
305024,2,0,39000
305025,2,2,10
,2,152,500
305026,2,0,39500
305027,2,0,39500
305028,2,0,39500
305029,2,0,39500
305030,2,2,10
,2,152,500
305031,2,0,40000
305032,2,0,40000
305033,2,0,40000
305034,2,0,40000
305035,2,2,10
,2,152,500
306001,2,0,40500
306002,2,0,40500
306003,2,0,40500
306004,2,0,40500
306005,2,2,10
,2,152,500
306006,2,0,41000
306007,2,0,41000
306008,2,0,41000
306009,2,0,41000
306010,2,2,10
,2,152,500
306011,2,0,41500
306012,2,0,41500
306013,2,0,41500
306014,2,0,41500
306015,2,2,10
,2,152,600
306016,2,0,42000
306017,2,0,42000
306018,2,0,42000
306019,2,0,42000
306020,2,2,10
,2,152,600
306021,2,0,42500
306022,2,0,42500
306023,2,0,42500
306024,2,0,42500
306025,2,2,10
,2,152,600
306026,2,0,43000
306027,2,0,43000
306028,2,0,43000
306029,2,0,43000
306030,2,2,10
,2,152,600
306031,2,0,43500
306032,2,0,43500
306033,2,0,43500
306034,2,0,43500
306035,2,2,10
,2,152,600
306036,2,0,44000
306037,2,0,44000
306038,2,0,44000
306039,2,0,44000
306040,2,2,10
,2,152,600
307001,2,0,44500
307002,2,0,44500
307003,2,0,44500
307004,2,0,44500
307005,2,2,10
,2,152,600
307006,2,0,45000
307007,2,0,45000
307008,2,0,45000
307009,2,0,45000
307010,2,2,10
,2,152,600
307011,2,0,45500
307012,2,0,45500
307013,2,0,45500
307014,2,0,45500
307015,2,2,10
,2,152,600
307016,2,0,46000
307017,2,0,46000
307018,2,0,46000
307019,2,0,46000
307020,2,2,10
,2,152,600
307021,2,0,46500
307022,2,0,46500
307023,2,0,46500
307024,2,0,46500
307025,2,2,10
,2,152,600
307026,2,0,47000
307027,2,0,47000
307028,2,0,47000
307029,2,0,47000
307030,2,2,10
,2,152,600
307031,2,0,47500
307032,2,0,47500
307033,2,0,47500
307034,2,0,47500
307035,2,2,10
,2,152,600
307036,2,0,48000
307037,2,0,48000
307038,2,0,48000
307039,2,0,48000
307040,2,2,10
,2,152,800
307041,2,0,48500
307042,2,0,48500
307043,2,0,48500
307044,2,0,48500
307045,2,2,10
,2,152,800
401001,2,0,49000
401002,2,0,49000
401003,2,0,49000
401004,2,0,49000
401005,2,2,10
,2,152,800
401006,2,0,49500
401007,2,0,49500
401008,2,0,49500
401009,2,0,49500
401010,2,2,10
,2,152,800
401011,2,0,50000
401012,2,0,50000
401013,2,0,50000
401014,2,0,50000
401015,2,2,10
,2,152,800
401016,2,0,50500
401017,2,0,50500
401018,2,0,50500
401019,2,0,50500
401020,2,2,10
,2,152,800
401021,2,0,51000
401022,2,0,51000
401023,2,0,51000
401024,2,0,51000
401025,2,2,10
,2,152,800
402001,2,0,51500
402002,2,0,51500
402003,2,0,51500
402004,2,0,51500
402005,2,2,10
,2,152,800
402006,2,0,52000
402007,2,0,52000
402008,2,0,52000
402009,2,0,52000
402010,2,2,10
,2,152,800
402011,2,0,52500
402012,2,0,52500
402013,2,0,52500
402014,2,0,52500
402015,2,2,10
,2,152,800
402016,2,0,53000
402017,2,0,53000
402018,2,0,53000
402019,2,0,53000
402020,2,2,10
,2,152,1000
402021,2,0,53500
402022,2,0,53500
402023,2,0,53500
402024,2,0,53500
402025,2,2,10
,2,152,1000
402026,2,0,54000
402027,2,0,54000
402028,2,0,54000
402029,2,0,54000
402030,2,2,10
,2,152,1000
403001,2,0,54500
403002,2,0,54500
403003,2,0,54500
403004,2,0,54500
403005,2,2,10
,2,152,1000
403006,2,0,55000
403007,2,0,55000
403008,2,0,55000
403009,2,0,55000
403010,2,2,10
,2,152,1000
403011,2,0,55500
403012,2,0,55500
403013,2,0,55500
403014,2,0,55500
403015,2,2,10
,2,152,1000
403016,2,0,56000
403017,2,0,56000
403018,2,0,56000
403019,2,0,56000
403020,2,2,10
,2,152,1000
403021,2,0,56500
403022,2,0,56500
403023,2,0,56500
403024,2,0,56500
403025,2,2,10
,2,152,1000
403026,2,0,57000
403027,2,0,57000
403028,2,0,57000
403029,2,0,57000
403030,2,2,10
,2,152,1000
403031,2,0,57500
403032,2,0,57500
403033,2,0,57500
403034,2,0,57500
403035,2,2,10
,2,152,1000
404001,2,0,58000
404002,2,0,58000
404003,2,0,58000
404004,2,0,58000
404005,2,2,10
,2,152,1000
404006,2,0,58500
404007,2,0,58500
404008,2,0,58500
404009,2,0,58500
404010,2,2,10
,2,152,1000
404011,2,0,59000
404012,2,0,59000
404013,2,0,59000
404014,2,0,59000
404015,2,2,10
,2,152,1000
404016,2,0,59500
404017,2,0,59500
404018,2,0,59500
404019,2,0,59500
404020,2,2,10
,2,152,1000
404021,2,0,60000
404022,2,0,60000
404023,2,0,60000
404024,2,0,60000
404025,2,2,10
,2,152,1000
404026,2,0,60500
404027,2,0,60500
404028,2,0,60500
404029,2,0,60500
404030,2,2,10
,2,152,1000
404031,2,0,61000
404032,2,0,61000
404033,2,0,61000
404034,2,0,61000
404035,2,2,10
,2,152,1000
405001,2,0,61500
405002,2,0,61500
405003,2,0,61500
405004,2,0,61500
405005,2,2,10
,2,152,1000
405006,2,0,62000
405007,2,0,62000
405008,2,0,62000
405009,2,0,62000
405010,2,2,10
,2,152,1000
405011,2,0,62500
405012,2,0,62500
405013,2,0,62500
405014,2,0,62500
405015,2,2,10
,2,152,1000
405016,2,0,63000
405017,2,0,63000
405018,2,0,63000
405019,2,0,63000
405020,2,2,10
,2,152,1000
405021,2,0,63500
405022,2,0,63500
405023,2,0,63500
405024,2,0,63500
405025,2,2,10
,2,152,1000
405026,2,0,64000
405027,2,0,64000
405028,2,0,64000
405029,2,0,64000
405030,2,2,10
,2,152,1000
405031,2,0,64500
405032,2,0,64500
405033,2,0,64500
405034,2,0,64500
405035,2,2,10
,2,152,1000
405036,2,0,65000
405037,2,0,65000
405038,2,0,65000
405039,2,0,65000
405040,2,2,10
,2,152,1000
406001,2,0,65500
406002,2,0,65500
406003,2,0,65500
406004,2,0,65500
406005,2,2,10
,2,152,1000
406006,2,0,66000
406007,2,0,66000
406008,2,0,66000
406009,2,0,66000
406010,2,2,10
,2,152,1000
406011,2,0,66500
406012,2,0,66500
406013,2,0,66500
406014,2,0,66500
406015,2,2,10
,2,152,1000
406016,2,0,67000
406017,2,0,67000
406018,2,0,67000
406019,2,0,67000
406020,2,2,10
,2,152,1000
406021,2,0,67500
406022,2,0,67500
406023,2,0,67500
406024,2,0,67500
406025,2,2,10
,2,152,1000
406026,2,0,68000
406027,2,0,68000
406028,2,0,68000
406029,2,0,68000
406030,2,2,10
,2,152,1000
406031,2,0,68500
406032,2,0,68500
406033,2,0,68500
406034,2,0,68500
406035,2,2,10
,2,152,1000
406036,2,0,69000
406037,2,0,69000
406038,2,0,69000
406039,2,0,69000
406040,2,2,10
,2,152,1000
406041,2,0,69500
406042,2,0,69500
406043,2,0,69500
406044,2,0,69500
406045,2,2,10
,2,152,1000
406046,2,0,70000
406047,2,0,70000
406048,2,0,70000
406049,2,0,70000
406050,2,2,10
,2,152,1000
407001,2,0,70500
407002,2,0,70500
407003,2,0,70500
407004,2,0,70500
407005,2,2,10
,2,152,1000
407006,2,0,71000
407007,2,0,71000
407008,2,0,71000
407009,2,0,71000
407010,2,2,10
,2,152,1000
407011,2,0,71500
407012,2,0,71500
407013,2,0,71500
407014,2,0,71500
407015,2,2,10
,2,152,1000
407016,2,0,72000
407017,2,0,72000
407018,2,0,72000
407019,2,0,72000
407020,2,2,10
,2,152,1000
407021,2,0,72500
407022,2,0,72500
407023,2,0,72500
407024,2,0,72500
407025,2,2,10
,2,152,1000
407026,2,0,73000
407027,2,0,73000
407028,2,0,73000
407029,2,0,73000
407030,2,2,10
,2,152,1000
407031,2,0,73500
407032,2,0,73500
407033,2,0,73500
407034,2,0,73500
407035,2,2,10
,2,152,1000
407036,2,0,74000
407037,2,0,74000
407038,2,0,74000
407039,2,0,74000
407040,2,2,10
,2,152,1000
407041,2,0,74500
407042,2,0,74500
407043,2,0,74500
407044,2,0,74500
407045,2,2,10
,2,152,1000
407046,2,0,75000
407047,2,0,75000
407048,2,0,75000
407049,2,0,75000
407050,2,2,10
,2,152,1000
408001,2,0,75500
408002,2,0,75500
408003,2,0,75500
408004,2,0,75500
408005,2,2,10
,2,152,1000
408006,2,0,76000
408007,2,0,76000
408008,2,0,76000
408009,2,0,76000
408010,2,2,10
,2,152,1000
408011,2,0,76500
408012,2,0,76500
408013,2,0,76500
408014,2,0,76500
408015,2,2,10
,2,152,1000
408016,2,0,77000
408017,2,0,77000
408018,2,0,77000
408019,2,0,77000
408020,2,2,10
,2,152,1000
408021,2,0,77500
408022,2,0,77500
408023,2,0,77500
408024,2,0,77500
408025,2,2,10
,2,152,1000
408026,2,0,78000
408027,2,0,78000
408028,2,0,78000
408029,2,0,78000
408030,2,2,10
,2,152,1000
408031,2,0,78500
408032,2,0,78500
408033,2,0,78500
408034,2,0,78500
408035,2,2,10
,2,152,1000
408036,2,0,79000
408037,2,0,79000
408038,2,0,79000
408039,2,0,79000
408040,2,2,10
,2,152,1000
408041,2,0,79500
408042,2,0,79500
408043,2,0,79500
408044,2,0,79500
408045,2,2,10
,2,152,1000
408046,2,0,80000
408047,2,0,80000
408048,2,0,80000
408049,2,0,80000
408050,2,2,10
,2,152,1000
408051,2,0,80500
408052,2,0,80500
408053,2,0,80500
408054,2,0,80500
408055,2,2,10
,2,152,1000
501001,2,0,81000
501002,2,0,81000
501003,2,0,81000
501004,2,0,81000
501005,2,2,10
,2,152,1000
501006,2,0,81500
501007,2,0,81500
501008,2,0,81500
501009,2,0,81500
501010,2,2,10
,2,152,1000
501011,2,0,82000
501012,2,0,82000
501013,2,0,82000
501014,2,0,82000
501015,2,2,10
,2,152,1000
501016,2,0,82500
501017,2,0,82500
501018,2,0,82500
501019,2,0,82500
501020,2,2,10
,2,152,1000
501021,2,0,83000
501022,2,0,83000
501023,2,0,83000
501024,2,0,83000
501025,2,2,10
,2,152,1000
501026,2,0,83500
501027,2,0,83500
501028,2,0,83500
501029,2,0,83500
501030,2,2,10
,2,152,1000
502001,2,0,84000
502002,2,0,84000
502003,2,0,84000
502004,2,0,84000
502005,2,2,10
,2,152,1000
502006,2,0,84500
502007,2,0,84500
502008,2,0,84500
502009,2,0,84500
502010,2,2,10
,2,152,1000
502011,2,0,85000
502012,2,0,85000
502013,2,0,85000
502014,2,0,85000
502015,2,2,10
,2,152,1000
502016,2,0,85500
502017,2,0,85500
502018,2,0,85500
502019,2,0,85500
502020,2,2,10
,2,152,1000
502021,2,0,86000
502022,2,0,86000
502023,2,0,86000
502024,2,0,86000
502025,2,2,10
,2,152,1000
502026,2,0,86500
502027,2,0,86500
502028,2,0,86500
502029,2,0,86500
502030,2,2,10
,2,152,1000
502031,2,0,87000
502032,2,0,87000
502033,2,0,87000
502034,2,0,87000
502035,2,2,10
,2,152,1000
503001,2,0,87500
503002,2,0,87500
503003,2,0,87500
503004,2,0,87500
503005,2,2,10
,2,152,1000
503006,2,0,88000
503007,2,0,88000
503008,2,0,88000
503009,2,0,88000
503010,2,2,10
,2,152,1000
503011,2,0,88500
503012,2,0,88500
503013,2,0,88500
503014,2,0,88500
503015,2,2,10
,2,152,1000
503016,2,0,89000
503017,2,0,89000
503018,2,0,89000
503019,2,0,89000
503020,2,2,10
,2,152,1000
503021,2,0,89500
503022,2,0,89500
503023,2,0,89500
503024,2,0,89500
503025,2,2,10
,2,152,1000
503026,2,0,90000
503027,2,0,90000
503028,2,0,90000
503029,2,0,90000
503030,2,2,10
,2,152,1000
503031,2,0,90500
503032,2,0,90500
503033,2,0,90500
503034,2,0,90500
503035,2,2,10
,2,152,1000
503036,2,0,91000
503037,2,0,91000
503038,2,0,91000
503039,2,0,91000
503040,2,2,10
,2,152,1000
504001,2,0,91500
504002,2,0,91500
504003,2,0,91500
504004,2,0,91500
504005,2,2,10
,2,152,1000
504006,2,0,92000
504007,2,0,92000
504008,2,0,92000
504009,2,0,92000
504010,2,2,10
,2,152,1000
504011,2,0,92500
504012,2,0,92500
504013,2,0,92500
504014,2,0,92500
504015,2,2,10
,2,152,1000
504016,2,0,93000
504017,2,0,93000
504018,2,0,93000
504019,2,0,93000
504020,2,2,10
,2,152,1000
504021,2,0,93500
504022,2,0,93500
504023,2,0,93500
504024,2,0,93500
504025,2,2,10
,2,152,1000
504026,2,0,94000
504027,2,0,94000
504028,2,0,94000
504029,2,0,94000
504030,2,2,10
,2,152,1000
504031,2,0,94500
504032,2,0,94500
504033,2,0,94500
504034,2,0,94500
504035,2,2,10
,2,152,1000
504036,2,0,95000
504037,2,0,95000
504038,2,0,95000
504039,2,0,95000
504040,2,2,10
,2,152,1000
504041,2,0,95500
504042,2,0,95500
504043,2,0,95500
504044,2,0,95500
504045,2,2,10
,2,152,1000
505001,2,0,96000
505002,2,0,96000
505003,2,0,96000
505004,2,0,96000
505005,2,2,10
,2,152,1000
505006,2,0,96500
505007,2,0,96500
505008,2,0,96500
505009,2,0,96500
505010,2,2,10
,2,152,1000
505011,2,0,97000
505012,2,0,97000
505013,2,0,97000
505014,2,0,97000
505015,2,2,10
,2,152,1000
505016,2,0,97500
505017,2,0,97500
505018,2,0,97500
505019,2,0,97500
505020,2,2,10
,2,152,1000
505021,2,0,98000
505022,2,0,98000
505023,2,0,98000
505024,2,0,98000
505025,2,2,10
,2,152,1000
505026,2,0,98500
505027,2,0,98500
505028,2,0,98500
505029,2,0,98500
505030,2,2,10
,2,152,1000
505031,2,0,99000
505032,2,0,99000
505033,2,0,99000
505034,2,0,99000
505035,2,2,10
,2,152,1000
505036,2,0,99500
505037,2,0,99500
505038,2,0,99500
505039,2,0,99500
505040,2,2,10
,2,152,1000
505041,2,0,100000
505042,2,0,100000
505043,2,0,100000
505044,2,0,100000
505045,2,2,10
,2,152,1000
505046,2,0,100500
505047,2,0,100500
505048,2,0,100500
505049,2,0,100500
505050,2,2,10
,2,152,1000
506001,2,0,101000
506002,2,0,101000
506003,2,0,101000
506004,2,0,101000
506005,2,2,10
,2,152,1000
506006,2,0,101500
506007,2,0,101500
506008,2,0,101500
506009,2,0,101500
506010,2,2,10
,2,152,1000
506011,2,0,102000
506012,2,0,102000
506013,2,0,102000
506014,2,0,102000
506015,2,2,10
,2,152,1000
506016,2,0,102500
506017,2,0,102500
506018,2,0,102500
506019,2,0,102500
506020,2,2,10
,2,152,1000
506021,2,0,103000
506022,2,0,103000
506023,2,0,103000
506024,2,0,103000
506025,2,2,10
,2,152,1000
506026,2,0,103500
506027,2,0,103500
506028,2,0,103500
506029,2,0,103500
506030,2,2,10
,2,152,1000
506031,2,0,104000
506032,2,0,104000
506033,2,0,104000
506034,2,0,104000
506035,2,2,10
,2,152,1000
506036,2,0,104500
506037,2,0,104500
506038,2,0,104500
506039,2,0,104500
506040,2,2,10
,2,152,1000
506041,2,0,105000
506042,2,0,105000
506043,2,0,105000
506044,2,0,105000
506045,2,2,10
,2,152,1000
506046,2,0,105500
506047,2,0,105500
506048,2,0,105500
506049,2,0,105500
506050,2,2,10
,2,152,1000
507001,2,0,106000
507002,2,0,106000
507003,2,0,106000
507004,2,0,106000
507005,2,2,10
,2,152,1000
507006,2,0,106500
507007,2,0,106500
507008,2,0,106500
507009,2,0,106500
507010,2,2,10
,2,152,1000
507011,2,0,107000
507012,2,0,107000
507013,2,0,107000
507014,2,0,107000
507015,2,2,10
,2,152,1000
507016,2,0,107500
507017,2,0,107500
507018,2,0,107500
507019,2,0,107500
507020,2,2,10
,2,152,1000
507021,2,0,108000
507022,2,0,108000
507023,2,0,108000
507024,2,0,108000
507025,2,2,10
,2,152,1000
507026,2,0,108500
507027,2,0,108500
507028,2,0,108500
507029,2,0,108500
507030,2,2,10
,2,152,1000
507031,2,0,109000
507032,2,0,109000
507033,2,0,109000
507034,2,0,109000
507035,2,2,10
,2,152,1000
507036,2,0,109500
507037,2,0,109500
507038,2,0,109500
507039,2,0,109500
507040,2,2,10
,2,152,1000
507041,2,0,110000
507042,2,0,110000
507043,2,0,110000
507044,2,0,110000
507045,2,2,10
,2,152,1000
507046,2,0,110500
507047,2,0,110500
507048,2,0,110500
507049,2,0,110500
507050,2,2,10
,2,152,1000
507051,2,0,111000
507052,2,0,111000
507053,2,0,111000
507054,2,0,111000
507055,2,2,10
,2,152,1000
508001,2,0,111500
508002,2,0,111500
508003,2,0,111500
508004,2,0,111500
508005,2,2,10
,2,152,1000
508006,2,0,112000
508007,2,0,112000
508008,2,0,112000
508009,2,0,112000
508010,2,2,10
,2,152,1000
508011,2,0,112500
508012,2,0,112500
508013,2,0,112500
508014,2,0,112500
508015,2,2,10
,2,152,1000
508016,2,0,113000
508017,2,0,113000
508018,2,0,113000
508019,2,0,113000
508020,2,2,10
,2,152,1000
508021,2,0,113500
508022,2,0,113500
508023,2,0,113500
508024,2,0,113500
508025,2,2,10
,2,152,1000
508026,2,0,114000
508027,2,0,114000
508028,2,0,114000
508029,2,0,114000
508030,2,2,10
,2,152,1000
508031,2,0,114500
508032,2,0,114500
508033,2,0,114500
508034,2,0,114500
508035,2,2,10
,2,152,1000
508036,2,0,115000
508037,2,0,115000
508038,2,0,115000
508039,2,0,115000
508040,2,2,10
,2,152,1000
508041,2,0,115500
508042,2,0,115500
508043,2,0,115500
508044,2,0,115500
508045,2,2,10
,2,152,1000
508046,2,0,116000
508047,2,0,116000
508048,2,0,116000
508049,2,0,116000
508050,2,2,10
,2,152,1000
508051,2,0,116500
508052,2,0,116500
508053,2,0,116500
508054,2,0,116500
508055,2,2,10
,2,152,1000
508056,2,0,117000
508057,2,0,117000
508058,2,0,117000
508059,2,0,117000
508060,2,2,10
,2,152,1000
509001,2,0,117500
509002,2,0,117500
509003,2,0,117500
509004,2,0,117500
509005,2,2,10
,2,152,1000
509006,2,0,118000
509007,2,0,118000
509008,2,0,118000
509009,2,0,118000
509010,2,2,10
,2,152,1000
509011,2,0,118500
509012,2,0,118500
509013,2,0,118500
509014,2,0,118500
509015,2,2,10
,2,152,1000
509016,2,0,119000
509017,2,0,119000
509018,2,0,119000
509019,2,0,119000
509020,2,2,10
,2,152,1000
509021,2,0,119500
509022,2,0,119500
509023,2,0,119500
509024,2,0,119500
509025,2,2,10
,2,152,1000
509026,2,0,120000
509027,2,0,120000
509028,2,0,120000
509029,2,0,120000
509030,2,2,10
,2,152,1000
509031,2,0,120500
509032,2,0,120500
509033,2,0,120500
509034,2,0,120500
509035,2,2,10
,2,152,1000
509036,2,0,121000
509037,2,0,121000
509038,2,0,121000
509039,2,0,121000
509040,2,2,10
,2,152,1000
509041,2,0,121500
509042,2,0,121500
509043,2,0,121500
509044,2,0,121500
509045,2,2,10
,2,152,1000
509046,2,0,122000
509047,2,0,122000
509048,2,0,122000
509049,2,0,122000
509050,2,2,10
,2,152,1000
509051,2,0,122500
509052,2,0,122500
509053,2,0,122500
509054,2,0,122500
509055,2,2,10
,2,152,1000
509056,2,0,123000
509057,2,0,123000
509058,2,0,123000
509059,2,0,123000
509060,2,2,10
,2,152,1000
509061,2,0,123500
509062,2,0,123500
509063,2,0,123500
509064,2,0,123500
509065,2,2,10
,2,152,1000
601001,2,0,124000
601002,2,0,124000
601003,2,0,124000
601004,2,0,124000
601005,2,2,10
,2,152,1000
601006,2,0,124500
601007,2,0,124500
601008,2,0,124500
601009,2,0,124500
601010,2,2,10
,2,152,1000
601011,2,0,125000
601012,2,0,125000
601013,2,0,125000
601014,2,0,125000
601015,2,2,10
,2,152,1000
601016,2,0,125500
601017,2,0,125500
601018,2,0,125500
601019,2,0,125500
601020,2,2,10
,2,152,1000
601021,2,0,126000
601022,2,0,126000
601023,2,0,126000
601024,2,0,126000
601025,2,2,10
,2,152,1000
601026,2,0,126500
601027,2,0,126500
601028,2,0,126500
601029,2,0,126500
601030,2,2,10
,2,152,1000
601031,2,0,127000
601032,2,0,127000
601033,2,0,127000
601034,2,0,127000
601035,2,2,10
,2,152,1000
601036,2,0,127500
601037,2,0,127500
601038,2,0,127500
601039,2,0,127500
601040,2,2,10
,2,152,1000
601041,2,0,128000
601042,2,0,128000
601043,2,0,128000
601044,2,0,128000
601045,2,2,10
,2,152,1000
601046,2,0,128500
601047,2,0,128500
601048,2,0,128500
601049,2,0,128500
601050,2,2,10
,2,152,1000
601051,2,0,129000
601052,2,0,129000
601053,2,0,129000
601054,2,0,129000
601055,2,2,10
,2,152,1000
602001,2,0,129500
602002,2,0,129500
602003,2,0,129500
602004,2,0,129500
602005,2,2,10
,2,152,1000
602006,2,0,130000
602007,2,0,130000
602008,2,0,130000
602009,2,0,130000
602010,2,2,10
,2,152,1000
602011,2,0,130500
602012,2,0,130500
602013,2,0,130500
602014,2,0,130500
602015,2,2,10
,2,152,1000
602016,2,0,131000
602017,2,0,131000
602018,2,0,131000
602019,2,0,131000
602020,2,2,10
,2,152,1000
602021,2,0,131500
602022,2,0,131500
602023,2,0,131500
602024,2,0,131500
602025,2,2,10
,2,152,1000
602026,2,0,132000
602027,2,0,132000
602028,2,0,132000
602029,2,0,132000
602030,2,2,10
,2,152,1000
602031,2,0,132500
602032,2,0,132500
602033,2,0,132500
602034,2,0,132500
602035,2,2,10
,2,152,1000
602036,2,0,133000
602037,2,0,133000
602038,2,0,133000
602039,2,0,133000
602040,2,2,10
,2,152,1000
602041,2,0,133500
602042,2,0,133500
602043,2,0,133500
602044,2,0,133500
602045,2,2,10
,2,152,1000
602046,2,0,134000
602047,2,0,134000
602048,2,0,134000
602049,2,0,134000
602050,2,2,10
,2,152,1000
602051,2,0,134500
602052,2,0,134500
602053,2,0,134500
602054,2,0,134500
602055,2,2,10
,2,152,1000
603001,2,0,135000
603002,2,0,135000
603003,2,0,135000
603004,2,0,135000
603005,2,2,10
,2,152,1000
603006,2,0,135500
603007,2,0,135500
603008,2,0,135500
603009,2,0,135500
603010,2,2,10
,2,152,1000
603011,2,0,136000
603012,2,0,136000
603013,2,0,136000
603014,2,0,136000
603015,2,2,10
,2,152,1000
603016,2,0,136500
603017,2,0,136500
603018,2,0,136500
603019,2,0,136500
603020,2,2,10
,2,152,1000
603021,2,0,137000
603022,2,0,137000
603023,2,0,137000
603024,2,0,137000
603025,2,2,10
,2,152,1000
603026,2,0,137500
603027,2,0,137500
603028,2,0,137500
603029,2,0,137500
603030,2,2,10
,2,152,1000
603031,2,0,138000
603032,2,0,138000
603033,2,0,138000
603034,2,0,138000
603035,2,2,10
,2,152,1000
603036,2,0,138500
603037,2,0,138500
603038,2,0,138500
603039,2,0,138500
603040,2,2,10
,2,152,1000
603041,2,0,139000
603042,2,0,139000
603043,2,0,139000
603044,2,0,139000
603045,2,2,10
,2,152,1000
603046,2,0,139500
603047,2,0,139500
603048,2,0,139500
603049,2,0,139500
603050,2,2,10
,2,152,1000
603051,2,0,140000
603052,2,0,140000
603053,2,0,140000
603054,2,0,140000
603055,2,2,10
,2,152,1000
603056,2,0,140500
603057,2,0,140500
603058,2,0,140500
603059,2,0,140500
603060,2,2,10
,2,152,1000
604001,2,0,141000
604002,2,0,141000
604003,2,0,141000
604004,2,0,141000
604005,2,2,10
,2,152,1000
604006,2,0,141500
604007,2,0,141500
604008,2,0,141500
604009,2,0,141500
604010,2,2,10
,2,152,1000
604011,2,0,142000
604012,2,0,142000
604013,2,0,142000
604014,2,0,142000
604015,2,2,10
,2,152,1000
604016,2,0,142500
604017,2,0,142500
604018,2,0,142500
604019,2,0,142500
604020,2,2,10
,2,152,1000
604021,2,0,143000
604022,2,0,143000
604023,2,0,143000
604024,2,0,143000
604025,2,2,10
,2,152,1000
604026,2,0,143500
604027,2,0,143500
604028,2,0,143500
604029,2,0,143500
604030,2,2,10
,2,152,1000
604031,2,0,144000
604032,2,0,144000
604033,2,0,144000
604034,2,0,144000
604035,2,2,10
,2,152,1000
604036,2,0,144500
604037,2,0,144500
604038,2,0,144500
604039,2,0,144500
604040,2,2,10
,2,152,1000
604041,2,0,145000
604042,2,0,145000
604043,2,0,145000
604044,2,0,145000
604045,2,2,10
,2,152,1000
604046,2,0,145500
604047,2,0,145500
604048,2,0,145500
604049,2,0,145500
604050,2,2,10
,2,152,1000
604051,2,0,146000
604052,2,0,146000
604053,2,0,146000
604054,2,0,146000
604055,2,2,10
,2,152,1000
604056,2,0,146500
604057,2,0,146500
604058,2,0,146500
604059,2,0,146500
604060,2,2,10
,2,152,1000
604061,2,0,147000
604062,2,0,147000
604063,2,0,147000
604064,2,0,147000
604065,2,2,10
,2,152,1000
605001,2,0,147500
605002,2,0,147500
605003,2,0,147500
605004,2,0,147500
605005,2,2,10
,2,152,1000
605006,2,0,148000
605007,2,0,148000
605008,2,0,148000
605009,2,0,148000
605010,2,2,10
,2,152,1000
605011,2,0,148500
605012,2,0,148500
605013,2,0,148500
605014,2,0,148500
605015,2,2,10
,2,152,1000
605016,2,0,149000
605017,2,0,149000
605018,2,0,149000
605019,2,0,149000
605020,2,2,10
,2,152,1000
605021,2,0,149500
605022,2,0,149500
605023,2,0,149500
605024,2,0,149500
605025,2,2,10
,2,152,1000
605026,2,0,150000
605027,2,0,150000
605028,2,0,150000
605029,2,0,150000
605030,2,2,10
,2,152,1000
605031,2,0,150500
605032,2,0,150500
605033,2,0,150500
605034,2,0,150500
605035,2,2,10
,2,152,1000
605036,2,0,151000
605037,2,0,151000
605038,2,0,151000
605039,2,0,151000
605040,2,2,10
,2,152,1000
605041,2,0,151500
605042,2,0,151500
605043,2,0,151500
605044,2,0,151500
605045,2,2,10
,2,152,1000
605046,2,0,152000
605047,2,0,152000
605048,2,0,152000
605049,2,0,152000
605050,2,2,10
,2,152,1000
605051,2,0,152500
605052,2,0,152500
605053,2,0,152500
605054,2,0,152500
605055,2,2,10
,2,152,1000
605056,2,0,153000
605057,2,0,153000
605058,2,0,153000
605059,2,0,153000
605060,2,2,10
,2,152,1000
605061,2,0,153500
605062,2,0,153500
605063,2,0,153500
605064,2,0,153500
605065,2,2,10
,2,152,1000
605066,2,0,154000
605067,2,0,154000
605068,2,0,154000
605069,2,0,154000
605070,2,2,10
,2,152,1000
606001,2,0,154500
606002,2,0,154500
606003,2,0,154500
606004,2,0,154500
606005,2,2,10
,2,152,1000
606006,2,0,155000
606007,2,0,155000
606008,2,0,155000
606009,2,0,155000
606010,2,2,10
,2,152,1000
606011,2,0,155500
606012,2,0,155500
606013,2,0,155500
606014,2,0,155500
606015,2,2,10
,2,152,1000
606016,2,0,156000
606017,2,0,156000
606018,2,0,156000
606019,2,0,156000
606020,2,2,10
,2,152,1000
606021,2,0,156500
606022,2,0,156500
606023,2,0,156500
606024,2,0,156500
606025,2,2,10
,2,152,1000
606026,2,0,157000
606027,2,0,157000
606028,2,0,157000
606029,2,0,157000
606030,2,2,10
,2,152,1000
606031,2,0,157500
606032,2,0,157500
606033,2,0,157500
606034,2,0,157500
606035,2,2,10
,2,152,1000
606036,2,0,158000
606037,2,0,158000
606038,2,0,158000
606039,2,0,158000
606040,2,2,10
,2,152,1000
606041,2,0,158500
606042,2,0,158500
606043,2,0,158500
606044,2,0,158500
606045,2,2,10
,2,152,1000
606046,2,0,159000
606047,2,0,159000
606048,2,0,159000
606049,2,0,159000
606050,2,2,10
,2,152,1000
606051,2,0,159500
606052,2,0,159500
606053,2,0,159500
606054,2,0,159500
606055,2,2,10
,2,152,1000
606056,2,0,160000
606057,2,0,160000
606058,2,0,160000
606059,2,0,160000
606060,2,2,10
,2,152,1000
606061,2,0,160500
606062,2,0,160500
606063,2,0,160500
606064,2,0,160500
606065,2,2,10
,2,152,1000
606066,2,0,161000
606067,2,0,161000
606068,2,0,161000
606069,2,0,161000
606070,2,2,10
,2,152,1000
607001,2,0,161500
607002,2,0,161500
607003,2,0,161500
607004,2,0,161500
607005,2,2,10
,2,152,1000
607006,2,0,162000
607007,2,0,162000
607008,2,0,162000
607009,2,0,162000
607010,2,2,10
,2,152,1000
607011,2,0,162500
607012,2,0,162500
607013,2,0,162500
607014,2,0,162500
607015,2,2,10
,2,152,1000
607016,2,0,163000
607017,2,0,163000
607018,2,0,163000
607019,2,0,163000
607020,2,2,10
,2,152,1000
607021,2,0,163500
607022,2,0,163500
607023,2,0,163500
607024,2,0,163500
607025,2,2,10
,2,152,1000
607026,2,0,164000
607027,2,0,164000
607028,2,0,164000
607029,2,0,164000
607030,2,2,10
,2,152,1000
607031,2,0,164500
607032,2,0,164500
607033,2,0,164500
607034,2,0,164500
607035,2,2,10
,2,152,1000
607036,2,0,165000
607037,2,0,165000
607038,2,0,165000
607039,2,0,165000
607040,2,2,10
,2,152,1000
607041,2,0,165500
607042,2,0,165500
607043,2,0,165500
607044,2,0,165500
607045,2,2,10
,2,152,1000
607046,2,0,166000
607047,2,0,166000
607048,2,0,166000
607049,2,0,166000
607050,2,2,10
,2,152,1000
607051,2,0,166500
607052,2,0,166500
607053,2,0,166500
607054,2,0,166500
607055,2,2,10
,2,152,1000
607056,2,0,167000
607057,2,0,167000
607058,2,0,167000
607059,2,0,167000
607060,2,2,10
,2,152,1000
607061,2,0,167500
607062,2,0,167500
607063,2,0,167500
607064,2,0,167500
607065,2,2,10
,2,152,1000
607066,2,0,168000
607067,2,0,168000
607068,2,0,168000
607069,2,0,168000
607070,2,2,10
,2,152,1000
607071,2,0,168500
607072,2,0,168500
607073,2,0,168500
607074,2,0,168500
607075,2,2,10
,2,152,1000
608001,2,0,169000
608002,2,0,169000
608003,2,0,169000
608004,2,0,169000
608005,2,2,10
,2,152,1000
608006,2,0,169500
608007,2,0,169500
608008,2,0,169500
608009,2,0,169500
608010,2,2,10
,2,152,1000
608011,2,0,170000
608012,2,0,170000
608013,2,0,170000
608014,2,0,170000
608015,2,2,10
,2,152,1000
608016,2,0,170500
608017,2,0,170500
608018,2,0,170500
608019,2,0,170500
608020,2,2,10
,2,152,1000
608021,2,0,171000
608022,2,0,171000
608023,2,0,171000
608024,2,0,171000
608025,2,2,10
,2,152,1000
608026,2,0,171500
608027,2,0,171500
608028,2,0,171500
608029,2,0,171500
608030,2,2,10
,2,152,1000
608031,2,0,172000
608032,2,0,172000
608033,2,0,172000
608034,2,0,172000
608035,2,2,10
,2,152,1000
608036,2,0,172500
608037,2,0,172500
608038,2,0,172500
608039,2,0,172500
608040,2,2,10
,2,152,1000
608041,2,0,173000
608042,2,0,173000
608043,2,0,173000
608044,2,0,173000
608045,2,2,10
,2,152,1000
608046,2,0,173500
608047,2,0,173500
608048,2,0,173500
608049,2,0,173500
608050,2,2,10
,2,152,1000
608051,2,0,174000
608052,2,0,174000
608053,2,0,174000
608054,2,0,174000
608055,2,2,10
,2,152,1000
608056,2,0,174500
608057,2,0,174500
608058,2,0,174500
608059,2,0,174500
608060,2,2,10
,2,152,1000
608061,2,0,175000
608062,2,0,175000
608063,2,0,175000
608064,2,0,175000
608065,2,2,10
,2,152,1000
608066,2,0,175500
608067,2,0,175500
608068,2,0,175500
608069,2,0,175500
608070,2,2,10
,2,152,1000
608071,2,0,176000
608072,2,0,176000
608073,2,0,176000
608074,2,0,176000
608075,2,2,10
,2,152,1000
608076,2,0,176500
608077,2,0,176500
608078,2,0,176500
608079,2,0,176500
608080,2,2,10
,2,152,1000
609001,2,0,177000
609002,2,0,177000
609003,2,0,177000
609004,2,0,177000
609005,2,2,10
,2,152,1000
609006,2,0,177500
609007,2,0,177500
609008,2,0,177500
609009,2,0,177500
609010,2,2,10
,2,152,1000
609011,2,0,178000
609012,2,0,178000
609013,2,0,178000
609014,2,0,178000
609015,2,2,10
,2,152,1000
609016,2,0,178500
609017,2,0,178500
609018,2,0,178500
609019,2,0,178500
609020,2,2,10
,2,152,1000
609021,2,0,179000
609022,2,0,179000
609023,2,0,179000
609024,2,0,179000
609025,2,2,10
,2,152,1000
609026,2,0,179500
609027,2,0,179500
609028,2,0,179500
609029,2,0,179500
609030,2,2,10
,2,152,1000
609031,2,0,180000
609032,2,0,180000
609033,2,0,180000
609034,2,0,180000
609035,2,2,10
,2,152,1000
609036,2,0,180500
609037,2,0,180500
609038,2,0,180500
609039,2,0,180500
609040,2,2,10
,2,152,1000
609041,2,0,181000
609042,2,0,181000
609043,2,0,181000
609044,2,0,181000
609045,2,2,10
,2,152,1000
609046,2,0,181500
609047,2,0,181500
609048,2,0,181500
609049,2,0,181500
609050,2,2,10
,2,152,1000
609051,2,0,182000
609052,2,0,182000
609053,2,0,182000
609054,2,0,182000
609055,2,2,10
,2,152,1000
609056,2,0,182500
609057,2,0,182500
609058,2,0,182500
609059,2,0,182500
609060,2,2,10
,2,152,1000
609061,2,0,183000
609062,2,0,183000
609063,2,0,183000
609064,2,0,183000
609065,2,2,10
,2,152,1000
609066,2,0,183500
609067,2,0,183500
609068,2,0,183500
609069,2,0,183500
609070,2,2,10
,2,152,1000
609071,2,0,184000
609072,2,0,184000
609073,2,0,184000
609074,2,0,184000
609075,2,2,10
,2,152,1000
609076,2,0,184500
609077,2,0,184500
609078,2,0,184500
609079,2,0,184500
609080,2,2,10
,2,152,1000
609081,2,0,185000
609082,2,0,185000
609083,2,0,185000
609084,2,0,185000
609085,2,2,10
,2,152,1000
609086,2,0,185500
609087,2,0,185500
609088,2,0,185500
609089,2,0,185500
609090,2,2,10
,2,152,1000
610001,2,0,186000
610002,2,0,186000
610003,2,0,186000
610004,2,0,186000
610005,2,2,10
,2,152,1000
610006,2,0,186500
610007,2,0,186500
610008,2,0,186500
610009,2,0,186500
610010,2,2,10
,2,152,1000
610011,2,0,187000
610012,2,0,187000
610013,2,0,187000
610014,2,0,187000
610015,2,2,10
,2,152,1000
610016,2,0,187500
610017,2,0,187500
610018,2,0,187500
610019,2,0,187500
610020,2,2,10
,2,152,1000
610021,2,0,188000
610022,2,0,188000
610023,2,0,188000
610024,2,0,188000
610025,2,2,10
,2,152,1000
610026,2,0,188500
610027,2,0,188500
610028,2,0,188500
610029,2,0,188500
610030,2,2,10
,2,152,1000
610031,2,0,189000
610032,2,0,189000
610033,2,0,189000
610034,2,0,189000
610035,2,2,10
,2,152,1000
610036,2,0,189500
610037,2,0,189500
610038,2,0,189500
610039,2,0,189500
610040,2,2,10
,2,152,1000
610041,2,0,190000
610042,2,0,190000
610043,2,0,190000
610044,2,0,190000
610045,2,2,10
,2,152,1000
610046,2,0,190500
610047,2,0,190500
610048,2,0,190500
610049,2,0,190500
610050,2,2,10
,2,152,1000
610051,2,0,191000
610052,2,0,191000
610053,2,0,191000
610054,2,0,191000
610055,2,2,10
,2,152,1000
610056,2,0,191500
610057,2,0,191500
610058,2,0,191500
610059,2,0,191500
610060,2,2,10
,2,152,1000
610061,2,0,192000
610062,2,0,192000
610063,2,0,192000
610064,2,0,192000
610065,2,2,10
,2,152,1000
610066,2,0,192500
610067,2,0,192500
610068,2,0,192500
610069,2,0,192500
610070,2,2,10
,2,152,1000
610071,2,0,193000
610072,2,0,193000
610073,2,0,193000
610074,2,0,193000
610075,2,2,10
,2,152,1000
610076,2,0,193500
610077,2,0,193500
610078,2,0,193500
610079,2,0,193500
610080,2,2,10
,2,152,1000
610081,2,0,194000
610082,2,0,194000
610083,2,0,194000
610084,2,0,194000
610085,2,2,10
,2,152,1000
610086,2,0,194500
610087,2,0,194500
610088,2,0,194500
610089,2,0,194500
610090,2,2,10
,2,152,1000
610091,2,0,195000
610092,2,0,195000
610093,2,0,195000
610094,2,0,195000
610095,2,2,10
,2,152,1000
